{
  "draftDetail": { "drafted": true, "inProgress": false },
  "gameId": 1,
  "id": 166975,
  "positionAgainstOpponent": {
    "positionalRatings": {
      "16": {
        "average": 7.494697093963623,
        "ratingsByOpponent": {
          "1": { "average": 8.5, "rank": 18 },
          "2": { "average": 8.95, "rank": 23 },
          "3": { "average": 8.575, "rank": 19 },
          "4": { "average": 11.325, "rank": 30 },
          "5": { "average": 8.9, "rank": 22 },
          "6": { "average": 3.612499999999999, "rank": 3 },
          "7": { "average": 9.225, "rank": 24 },
          "8": { "average": 8.1875, "rank": 17 },
          "9": { "average": 4.7875, "rank": 5 },
          "10": { "average": 6.887499999999999, "rank": 11 },
          "11": { "average": 7.3375, "rank": 13 },
          "12": { "average": 3.7249999999999996, "rank": 4 },
          "13": { "average": 7.225, "rank": 12 },
          "14": { "average": 6.799999999999999, "rank": 9 },
          "15": { "average": 11.05, "rank": 29 },
          "16": { "average": 5.049999999999999, "rank": 7 },
          "17": { "average": 5.399999999999999, "rank": 8 },
          "18": { "average": 2.1875, "rank": 2 },
          "19": { "average": 10.7625, "rank": 28 },
          "20": { "average": 11.3875, "rank": 31 },
          "21": { "average": 6.824999999999999, "rank": 10 },
          "22": { "average": 7.85, "rank": 16 },
          "23": { "average": 10.5375, "rank": 27 },
          "24": { "average": 8.8875, "rank": 21 },
          "25": { "average": 4.962499999999999, "rank": 6 },
          "26": { "average": 7.824999999999999, "rank": 15 },
          "27": { "average": 10.0125, "rank": 25 },
          "28": { "average": 10.475, "rank": 26 },
          "29": { "average": 11.625, "rank": 32 },
          "30": { "average": 8.8, "rank": 20 },
          "33": { "average": 2.112499999999999, "rank": 1 },
          "34": { "average": 7.5375, "rank": 14 }
        }
      },
      "1": {
        "average": 16.819204330444336,
        "ratingsByOpponent": {
          "1": { "average": 20.661250000000003, "rank": 26 },
          "2": { "average": 12.64625, "rank": 3 },
          "3": { "average": 14.096250000000001, "rank": 6 },
          "4": { "average": 21.11625, "rank": 29 },
          "5": { "average": 18.36625, "rank": 21 },
          "6": { "average": 16.215, "rank": 13 },
          "7": { "average": 15.473749999999999, "rank": 9 },
          "8": { "average": 20.345, "rank": 25 },
          "9": { "average": 13.9425, "rank": 5 },
          "10": { "average": 17.840000000000003, "rank": 18 },
          "11": { "average": 18.735, "rank": 22 },
          "12": { "average": 16.146250000000002, "rank": 12 },
          "13": { "average": 20.950000000000003, "rank": 28 },
          "14": { "average": 16.0575, "rank": 11 },
          "15": { "average": 21.9325, "rank": 31 },
          "16": { "average": 14.3525, "rank": 8 },
          "17": { "average": 11.345, "rank": 1 },
          "18": { "average": 18.25875, "rank": 20 },
          "19": { "average": 21.1875, "rank": 30 },
          "20": { "average": 17.1525, "rank": 16 },
          "21": { "average": 17.262500000000003, "rank": 17 },
          "22": { "average": 23.187500000000004, "rank": 32 },
          "23": { "average": 12.963750000000001, "rank": 4 },
          "24": { "average": 14.19125, "rank": 7 },
          "25": { "average": 15.647499999999999, "rank": 10 },
          "26": { "average": 16.78, "rank": 14 },
          "27": { "average": 19.77625, "rank": 23 },
          "28": { "average": 19.994999999999997, "rank": 24 },
          "29": { "average": 17.0975, "rank": 15 },
          "30": { "average": 18.245, "rank": 19 },
          "33": { "average": 12.1475, "rank": 2 },
          "34": { "average": 20.919999999999998, "rank": 27 }
        }
      },
      "2": {
        "average": 23.25139808654785,
        "ratingsByOpponent": {
          "1": { "average": 22.081250000000004, "rank": 11 },
          "2": { "average": 23.050000000000004, "rank": 13 },
          "3": { "average": 24.474999999999998, "rank": 16 },
          "4": { "average": 25.833750000000002, "rank": 22 },
          "5": { "average": 26.318749999999998, "rank": 23 },
          "6": { "average": 23.125, "rank": 14 },
          "7": { "average": 21.768750000000004, "rank": 9 },
          "8": { "average": 27.81875, "rank": 27 },
          "9": { "average": 26.59375, "rank": 25 },
          "10": { "average": 25.76875, "rank": 20 },
          "11": { "average": 22.01875, "rank": 10 },
          "12": { "average": 28.63125, "rank": 29 },
          "13": { "average": 24.93125, "rank": 18 },
          "14": { "average": 23.481250000000003, "rank": 15 },
          "15": { "average": 26.625000000000004, "rank": 26 },
          "16": { "average": 22.75625, "rank": 12 },
          "17": { "average": 15.73125, "rank": 1 },
          "18": { "average": 20.10625, "rank": 6 },
          "19": { "average": 24.85, "rank": 17 },
          "20": { "average": 21.56875, "rank": 8 },
          "21": { "average": 20.8, "rank": 7 },
          "22": { "average": 25.8, "rank": 21 },
          "23": { "average": 19.4875, "rank": 5 },
          "24": { "average": 26.318749999999998, "rank": 23 },
          "25": { "average": 16.91875, "rank": 3 },
          "26": { "average": 25.34375, "rank": 19 },
          "27": { "average": 16.51375, "rank": 2 },
          "28": { "average": 29.25625, "rank": 30 },
          "29": { "average": 31.33875, "rank": 32 },
          "30": { "average": 30.4875, "rank": 31 },
          "33": { "average": 19.403750000000002, "rank": 4 },
          "34": { "average": 28.09375, "rank": 28 }
        }
      },
      "3": {
        "average": 33.32639694213867,
        "ratingsByOpponent": {
          "1": { "average": 34.575, "rank": 16 },
          "2": { "average": 29.4375, "rank": 5 },
          "3": { "average": 29.03125, "rank": 4 },
          "4": { "average": 33.54625, "rank": 14 },
          "5": { "average": 30.17125, "rank": 8 },
          "6": { "average": 29.82625, "rank": 7 },
          "7": { "average": 30.88125, "rank": 10 },
          "8": { "average": 40.575, "rank": 30 },
          "9": { "average": 30.285, "rank": 9 },
          "10": { "average": 34.825, "rank": 18 },
          "11": { "average": 37.575, "rank": 24 },
          "12": { "average": 26.2875, "rank": 2 },
          "13": { "average": 35.212500000000006, "rank": 19 },
          "14": { "average": 33.625, "rank": 15 },
          "15": { "average": 40.94375, "rank": 31 },
          "16": { "average": 38.488749999999996, "rank": 26 },
          "17": { "average": 25.98375, "rank": 1 },
          "18": { "average": 39.5125, "rank": 28 },
          "19": { "average": 39.4275, "rank": 27 },
          "20": { "average": 37.19375, "rank": 22 },
          "21": { "average": 40.25, "rank": 29 },
          "22": { "average": 38.2625, "rank": 25 },
          "23": { "average": 29.63625, "rank": 6 },
          "24": { "average": 28.64375, "rank": 3 },
          "25": { "average": 32.44375, "rank": 12 },
          "26": { "average": 34.79375, "rank": 17 },
          "27": { "average": 44.25625, "rank": 32 },
          "28": { "average": 35.81875, "rank": 20 },
          "29": { "average": 37.287499999999994, "rank": 23 },
          "30": { "average": 31.69375, "rank": 11 },
          "33": { "average": 33.3125, "rank": 13 },
          "34": { "average": 35.96875, "rank": 21 }
        }
      },
      "4": {
        "average": 11.882461547851562,
        "ratingsByOpponent": {
          "1": { "average": 12.2625, "rank": 17 },
          "2": { "average": 9.46875, "rank": 2 },
          "3": { "average": 13.412500000000001, "rank": 23 },
          "4": { "average": 11.28125, "rank": 11 },
          "5": { "average": 13.462500000000002, "rank": 24 },
          "6": { "average": 15.1125, "rank": 31 },
          "7": { "average": 12.8375, "rank": 20 },
          "8": { "average": 12.096250000000001,